4d4b7104d754a06370d81259,Arts & Entertainment,Culture et loisirs,Arte e intrattenimento
56aa371be4b08b9a8d5734db,Amphitheater,Amphithéâtre,Anfiteatro
4fceea171983d5d06c3e9823,Aquarium,Aquarium,Acquario
4bf58dd8d48988d1e1931735,Arcade,Salle d'arcade,Sala Giochi
4bf58dd8d48988d1e2931735,Art Gallery,Galerie d'art,Galleria d'arte
4bf58dd8d48988d1e4931735,Bowling Alley,Salle de bowling,Pista da bowling
4bf58dd8d48988d17c941735,Casino,Casino,Casinò
52e81612bcbc57f1066b79e7,Circus,Cirque,Circo
4bf58dd8d48988d18e941735,Comedy Club,Salle de spectacle,Comedy club
5032792091d4c4b30a586d5c,Concert Hall,Salle de concert,Sala concerti
52e81612bcbc57f1066b79ef,Country Dance Club,Discothèque country,Club danza country
52e81612bcbc57f1066b79e8,Disc Golf,Disc golf,Disc Golf
56aa371be4b08b9a8d573532,Exhibit,Exposition,Mostra
4bf58dd8d48988d1f1931735,General Entertainment,Divertissements et loisirs,Intrattenimento in genere
52e81612bcbc57f1066b79ea,Go Kart Track,Circuit de karting,Pista da go kart
4deefb944765f83613cdba6e,Historic Site,Site historique,Sito storico
5744ccdfe4b0c0459246b4bb,Karaoke Box,Salle de karaoké,Karaoke Box
52e81612bcbc57f1066b79e6,Laser Tag,Laser game,Laser game
5642206c498e4bfca532186c,Memorial Site,Lieu de mémoire,Sito commemorativo
52e81612bcbc57f1066b79eb,Mini Golf,Mini golf,Mini Golf
4bf58dd8d48988d17f941735,Movie Theater,Cinéma,Sala cinematografica
56aa371be4b08b9a8d5734de,Drive-in Theater,Cinéma drive-in,Cinema drive-in
4bf58dd8d48988d17e941735,Indie Movie Theater,Cinéma indépendant,Sala cinema indipendente
4bf58dd8d48988d180941735,Multiplex,Multiplexe,Multisala
4bf58dd8d48988d181941735,Museum,Musée,Museo
4bf58dd8d48988d18f941735,Art Museum,Musée d'art,Museo d'arte
559acbe0498e472f1a53fa23,Erotic Museum,Musée de l'érotisme,Museo d'arte erotica
4bf58dd8d48988d190941735,History Museum,Musée d'histoire,Museo di storia
4bf58dd8d48988d192941735,Planetarium,Planétarium,Planetario
4bf58dd8d48988d191941735,Science Museum,Musée des sciences,Musei di scienze
4bf58dd8d48988d1e5931735,Music Venue,Salle de concert,Luogo per concerti
4bf58dd8d48988d1e7931735,Jazz Club,Club de jazz,Jazz club
4bf58dd8d48988d1e8931735,Piano Bar,Piano-bar,Piano bar
4bf58dd8d48988d1e9931735,Rock Club,Discothèque rock,Rock club
5744ccdfe4b0c0459246b4b8,Pachinko Parlor,Salle de pachinko,Sala di Pachinko
4bf58dd8d48988d1f2931735,Performing Arts Venue,Complexe des arts de la scène,Luogo con spettacoli dal vivo
4bf58dd8d48988d134941735,Dance Studio,Salle de danse,Studio di danza
4bf58dd8d48988d135941735,Indie Theater,Cinéma indépendant,Teatro indie
4bf58dd8d48988d136941735,Opera House,Opéra,Teatro d'Opera
4bf58dd8d48988d137941735,Theater,Théâtre,Teatro
4bf58dd8d48988d1e3931735,Pool Hall,Salle de billard,Sala Biliardo
507c8c4091d498d9fc8c67a9,Public Art,Art public,Arte pubblica
52e81612bcbc57f1066b79ed,Outdoor Sculpture,Sculpture extérieure,Scultura all'aperto
52e81612bcbc57f1066b79ee,Street Art,Art de rue,Street Art
56aa371be4b08b9a8d573514,Racecourse,Hippodrome,Ippodromo
4bf58dd8d48988d1f4931735,Racetrack,Circuit automobile,Circuito
52e81612bcbc57f1066b79e9,Roller Rink,Piste de patinage à roulettes,Pista di pattinaggio
52e81612bcbc57f1066b79ec,Salsa Club,Boîte de salsa,Club di salsa
56aa371be4b08b9a8d5734f9,Samba School,École de samba,Scuola di samba
4bf58dd8d48988d184941735,Stadium,Stade,Stadio
4bf58dd8d48988d18c941735,Baseball Stadium,Stade de baseball,Stadio di baseball
4bf58dd8d48988d18b941735,Basketball Stadium,Stade de basketball,Stadio di basket
4bf58dd8d48988d18a941735,Cricket Ground,Stade de cricket,Campo da cricket
4bf58dd8d48988d189941735,Football Stadium,Stade de football américain,Stadio di football
4bf58dd8d48988d185941735,Hockey Arena,Patinoire de hockey,Stadio per hockey
56aa371be4b08b9a8d573556,Rugby Stadium,Stade de rugby,Stadio di rugby
4bf58dd8d48988d188941735,Soccer Stadium,Stade de football,Stadio di calcio
4e39a891bd410d7aed40cbc2,Tennis Stadium,Court de tennis,Stadio di tennis
4bf58dd8d48988d187941735,Track Stadium,Stade d'athlétisme,Stadio con pista
4bf58dd8d48988d182941735,Theme Park,Parc d'attractions,Parco a tema
5109983191d435c0d71c2bb1,Theme Park Ride / Attraction,Attractions/expériences de parcs d'attractions,Parchi a Tema Giostra/Attrazioni
56aa371be4b08b9a8d573520,Tour Provider,Tour-opérateur,Tour operator
4bf58dd8d48988d193941735,Water Park,Parc aquatique,Parco acquatico
4bf58dd8d48988d17b941735,Zoo,Zoo,Zoo
58daa1558bbb0b01f18ec1fd,Zoo Exhibit,Exposition de zoo,Zoo
4d4b7105d754a06372d81259,College & University,Établissement universitaire,Istituti superiori e università
4bf58dd8d48988d198941735,College Academic Building,Bâtiment universitaire,Edificio universitario accademico
4bf58dd8d48988d199941735,College Arts Building,Bâtiment universitaire du département des arts,Edificio di università d'arte
4bf58dd8d48988d19a941735,College Communications Building,Bâtiment universitaire du département de communication,Centro comunicazioni universitario
4bf58dd8d48988d19e941735,College Engineering Building,Bâtiment universitaire du département d’ingénierie,Centri ingegneristici universitari
4bf58dd8d48988d19d941735,College History Building,Bâtiment universitaire du département d'histoire,Edificio di università di storia
4bf58dd8d48988d19c941735,College Math Building,Bâtiment universitaire du département de mathématiques,Edificio di università di matematica
4bf58dd8d48988d19b941735,College Science Building,Bâtiment universitaire du département des sciences,Edificio di università di scienze
4bf58dd8d48988d19f941735,College Technology Building,Bâtiment universitaire du département de technologie,Edificio di università di tecnologia
4bf58dd8d48988d197941735,College Administrative Building,Bâtiment administratif universitaire,Edificio amministrativo universitario
4bf58dd8d48988d1af941735,College Auditorium,Amphithéâtre universitaire,Auditorium universitario
4bf58dd8d48988d1b1941735,College Bookstore,Librairie universitaire,Libreria universitaria
4bf58dd8d48988d1a1941735,College Cafeteria,Restaurant universitaire,Mensa universitaria
4bf58dd8d48988d1a0941735,College Classroom,Salle de classe universitaire,Aula universitaria
4bf58dd8d48988d1b2941735,College Gym,Gymnase universitaire,Palestra universitaria
4bf58dd8d48988d1a5941735,College Lab,Laboratoire universitaire,Laboratorio universitario
4bf58dd8d48988d1a7941735,College Library,Bibliothèque universitaire,Biblioteca universitaria
4bf58dd8d48988d1aa941735,College Quad,Cour intérieure de l'université,Cortile universitario
4bf58dd8d48988d1a9941735,College Rec Center,Centre récréatif universitaire,Centro ricreazione universitario
4bf58dd8d48988d1a3941735,College Residence Hall,Résidence universitaire,Residenza universitaria
4bf58dd8d48988d1b4941735,College Stadium,Stade universitaire,Stadio universitario
4bf58dd8d48988d1bb941735,College Baseball Diamond,Terrain de baseball universitaire,Campo da baseball universitario
4bf58dd8d48988d1ba941735,College Basketball Court,Terrain de basketball universitaire,Campo da basket universitario
4bf58dd8d48988d1b9941735,College Cricket Pitch,Terrain de cricket universitaire,Terreno di gioco da cricket universitario
4bf58dd8d48988d1b8941735,College Football Field,Terrain de football américain universitaire,Campo da football universitario
4bf58dd8d48988d1b5941735,College Hockey Rink,Salle de hockey universitaire,Pista da hockey universitaria
4bf58dd8d48988d1b7941735,College Soccer Field,Terrain de football universitaire,Campo da calcio universitario
4e39a9cebd410d7aed40cbc4,College Tennis Court,Court de tennis universitaire,Campo da tennis universitario
4bf58dd8d48988d1b6941735,College Track,Piste d'athlétisme universitaire,Pista universitaria
4bf58dd8d48988d1ac941735,College Theater,Théâtre universitaire,Teatro universitario
4bf58dd8d48988d1a2941735,Community College,IUT,College
4bf58dd8d48988d1b0941735,Fraternity House,Fraternité,Collegio universitario maschile
4bf58dd8d48988d1a8941735,General College & University,Faculté et université,Istituto superiore generico e università
4bf58dd8d48988d1a6941735,Law School,Faculté de Droit,Scuola di legge
4bf58dd8d48988d1b3941735,Medical School,Faculté de Médecine,Scuola di medicina
4bf58dd8d48988d141941735,Sorority House,Sororité,Collegio universitario femminile
4bf58dd8d48988d1ab941735,Student Center,Bureau des étudiants,Centro studenti
4bf58dd8d48988d1ad941735,Trade School,École de commerce,Istituto commerciale
4bf58dd8d48988d1ae941735,University,Université,Università
4d4b7105d754a06373d81259,Event,Événement,Eventi
52f2ab2ebcbc57f1066b8b3b,Christmas Market,Marché de Noël,Mercato natalizio
5267e4d9e4b0ec79466e48c6,Conference,Conférence,Conferenza
5267e4d9e4b0ec79466e48c9,Convention,Convention / Salon,Convention
5267e4d9e4b0ec79466e48c7,Festival,Festival,Festival
58daa1558bbb0b01f18ec1fa,Line / Queue,File d'attente,Coda
5267e4d9e4b0ec79466e48d1,Music Festival,Festival de musique,Festival della musica
5267e4d9e4b0ec79466e48c8,Other Event,Autre événement,Altro Evento
52741d85e4b0d5d1e3c6a6d9,Parade,Manifestation,Sfilata
5bae9231bedf3950379f89c5,Sporting Event,Événement sportif,Evento sportivo
52f2ab2ebcbc57f1066b8b54,Stoop Sale,Vide-grenier,Mercatino delle pulci
5267e4d8e4b0ec79466e48c5,Street Fair,Fête des rues,Fiera di strada
5bae9231bedf3950379f89c3,Trade Fair,Salon professionnel,Fiera campionaria
4d4b7105d754a06374d81259,Food,Nourriture,Cibi
503288ae91d4c4b30a586d67,Afghan Restaurant,Restaurant afghan,Ristorante afgano
4bf58dd8d48988d1c8941735,African Restaurant,Restaurant africain,Ristorante africano
4bf58dd8d48988d10a941735,Ethiopian Restaurant,Restaurant éthiopien,Ristorante etiope
4bf58dd8d48988d14e941735,American Restaurant,Restaurant américain,Ristorante americano
4bf58dd8d48988d157941735,New American Restaurant,Restaurant de cuisine américaine moderne,Nuovo ristorante americano
4bf58dd8d48988d142941735,Asian Restaurant,Restaurant asiatique,Ristorante asiatico
56aa371be4b08b9a8d573568,Burmese Restaurant,Restaurant de cuisine birmane,Ristorante birmano
52e81612bcbc57f1066b7a03,Cambodian Restaurant,Restaurant cambodgien,Ristorante Cambogiano
4bf58dd8d48988d145941735,Chinese Restaurant,Restaurant chinois,Ristorante cinese
52af3a5e3cf9994f4e043bea,Anhui Restaurant,Restaurant Anhui,Ristorante Anhui
52af3a723cf9994f4e043bec,Beijing Restaurant,Restaurant Beijing,Ristorante Beijing
52af3a7c3cf9994f4e043bed,Cantonese Restaurant,Restaurant Cantonais,Ristorante Cantonese
58daa1558bbb0b01f18ec1d3,Cha Chaan Teng,Cha Chaan Teng,Cha Chaan Teng
52af3a673cf9994f4e043beb,Chinese Aristocrat Restaurant,Restaurant chinois de luxe,Ristorante Cinese Aristocratico
52af3a903cf9994f4e043bee,Chinese Breakfast Place,Restaurant chinois pour le petit-déjeuner,Luogo per una colazione Cinese
4bf58dd8d48988d1f5931735,Dim Sum Restaurant,Restaurant Dim Sum,Ristorante dim sum
52af3a9f3cf9994f4e043bef,Dongbei Restaurant,Restaurant Dongbei,Ristorante Dongbei
52af3aaa3cf9994f4e043bf0,Fujian Restaurant,Restaurant Fujian,Ristorante Fujian
52af3ab53cf9994f4e043bf1,Guizhou Restaurant,Restaurant Guizhou,Ristorante Guizhou
52af3abe3cf9994f4e043bf2,Hainan Restaurant,Restaurant Hainan,Ristorante Hainan
52af3ac83cf9994f4e043bf3,Hakka Restaurant,Restaurant Hakka,Ristorante Hakka
52af3ad23cf9994f4e043bf4,Henan Restaurant,Henan Restaurant,Ristorante Henan
52af3add3cf9994f4e043bf5,Hong Kong Restaurant,Restaurant Hong Kong,Ristorante Hong Kong
52af3af23cf9994f4e043bf7,Huaiyang Restaurant,Restaurant Huaiyang,Ristorante Huaiyang
52af3ae63cf9994f4e043bf6,Hubei Restaurant,Restaurant Hubei,Ristorante Hubei
52af3afc3cf9994f4e043bf8,Hunan Restaurant,Restaurant Hunan,Ristorante Hunan
52af3b053cf9994f4e043bf9,Imperial Restaurant,Restaurant Imperial,Ristorante Imperial
52af3b213cf9994f4e043bfa,Jiangsu Restaurant,Restaurant Jiangsu,Ristorante Jiangsu
52af3b293cf9994f4e043bfb,Jiangxi Restaurant,Restaurant Jiangxi,Ristorante Jiangxi
52af3b343cf9994f4e043bfc,Macanese Restaurant,Restaurant Macanais,Ristorante Macanese
52af3b3b3cf9994f4e043bfd,Manchu Restaurant,Restaurant Manchu,Ristorante Manchu
52af3b463cf9994f4e043bfe,Peking Duck Restaurant,Restaurant Canard pékinois,Ristorante anatra alla Pechinese
52af3b633cf9994f4e043c01,Shaanxi Restaurant,Restaurant Shaanxi,Ristorante Shaanxi
52af3b513cf9994f4e043bff,Shandong Restaurant,Restaurant Shandong,Ristorante Shandong
52af3b593cf9994f4e043c00,Shanghai Restaurant,Restaurant shanghaïen,Ristorante Shanghai
52af3b6e3cf9994f4e043c02,Shanxi Restaurant,Restaurant Shanxi,Ristorante Shanxi
52af3b773cf9994f4e043c03,Szechuan Restaurant,Restaurant Szechuan,Ristorante Szechuan
52af3b813cf9994f4e043c04,Taiwanese Restaurant,Restaurant Taïwanais,Ristorante Taiwanese
52af3b893cf9994f4e043c05,Tianjin Restaurant,Restaurant Tianjin,Ristorante Tianjin
52af3b913cf9994f4e043c06,Xinjiang Restaurant,Restaurant Xinjiang,Ristoranti Xinjiang
52af3b9a3cf9994f4e043c07,Yunnan Restaurant,Restaurant Yunnan,Ristorante Yunnan
52af3ba23cf9994f4e043c08,Zhejiang Restaurant,Restaurant Zhejiang,Ristorante Zhejiang
4eb1bd1c3b7b55596b4a748f,Filipino Restaurant,Restaurant philippin,Ristorante filippino
52e81612bcbc57f1066b79fb,Himalayan Restaurant,Restaurant himalayen,Ristorante himalayano
52af0bd33cf9994f4e043bdd,Hotpot Restaurant,Restaurant de fondue chinoise,Ristorante Hotpot
4deefc054765f83613cdba6f,Indonesian Restaurant,Restaurant indonésien,Ristorante indonesiano
52960eda3cf9994f4e043ac9,Acehnese Restaurant,Acehnese Restaurant,Acehnese Restaurant
52960eda3cf9994f4e043acb,Balinese Restaurant,Balinese Restaurant,Balinese Restaurant
52960eda3cf9994f4e043aca,Betawinese Restaurant,Betawinese Restaurant,Betawinese Restaurant
52960eda3cf9994f4e043acc,Indonesian Meatball Place,Lieu servant des boulettes indonésiennes,Ristorante di polpette all'indonesiana
52960eda3cf9994f4e043ac7,Javanese Restaurant,Javanese Restaurant,Javanese Restaurant
52960eda3cf9994f4e043ac8,Manadonese Restaurant,Manadonese Restaurant,Manadonese Restaurant
52960eda3cf9994f4e043ac5,Padangnese Restaurant,Padangnese Restaurant,Padangnese Restaurant
52960eda3cf9994f4e043ac6,Sundanese Restaurant,Sundanese Restaurant,Sundanese Restaurant
4bf58dd8d48988d111941735,Japanese Restaurant,Restaurant japonais,Ristorante giapponese
55a59bace4b013909087cb0c,Donburi Restaurant,Restaurant servant du donburi,Ristorante di donburi
55a59bace4b013909087cb30,Japanese Curry Restaurant,Restaurant servant du curry japonais,Ristorante di curry giapponese
55a59bace4b013909087cb21,Kaiseki Restaurant,Restaurant de cuisine kaiseki,Ristorante di cucina kaiseki
55a59bace4b013909087cb06,Kushikatsu Restaurant,Restaurant servant du kushikatsu,Ristorante di kushikatsu
55a59bace4b013909087cb1b,Monjayaki Restaurant,Restaurant servant du monjayaki,Ristorante di monjayaki
55a59bace4b013909087cb1e,Nabe Restaurant,Restaurant servant du nabe,Ristorante di nabe
55a59bace4b013909087cb18,Okonomiyaki Restaurant,Restaurant servant de l'okonomiyaki,Ristorante di okonomiyaki
55a59bace4b013909087cb24,Ramen Restaurant,Restaurant servant des ramen,Ristorante di ramen
55a59bace4b013909087cb15,Shabu-Shabu Restaurant,Restaurant servant du shabu-shabu,Ristorante di shabu-shabu
55a59bace4b013909087cb27,Soba Restaurant,Restaurant servant des soba,Ristorante di soba
55a59bace4b013909087cb12,Sukiyaki Restaurant,Restaurant servant du sukiyaki,Ristorante di sukiyaki
4bf58dd8d48988d1d2941735,Sushi Restaurant,Bar à sushis,Ristorante sushi
55a59bace4b013909087cb2d,Takoyaki Place,Restaurant servant du takoyaki,Locale di takoyaki
55a59a31e4b013909087cb00,Tempura Restaurant,Restaurant servant des tempura,Ristorante di tempura
55a59af1e4b013909087cb03,Tonkatsu Restaurant,Restaurant servant du tonkatsu,Ristorante di tonkatsu
55a59bace4b013909087cb2a,Udon Restaurant,Restaurant servant des udon,Ristorante di udon
55a59bace4b013909087cb0f,Unagi Restaurant,Restaurant servant du unagi,Ristorante di unagi
55a59bace4b013909087cb33,Wagashi Place,Restaurant servant des wagashi,Locale di wagashi
55a59bace4b013909087cb09,Yakitori Restaurant,Restaurant servant des yakitori,Ristorante di yakitori
55a59bace4b013909087cb36,Yoshoku Restaurant,Restaurant servant du yoshoku,Ristorante di cucina yoshoku
4bf58dd8d48988d113941735,Korean Restaurant,Restaurant coréen,Ristorante coreano
56aa371be4b08b9a8d5734e4,Bossam/Jokbal Restaurant,Restaurant servant du bossam ou du jokbal,Ristorante specialità bossam e jokbal
56aa371be4b08b9a8d5734f0,Bunsik Restaurant,Restaurant de cuisine coréenne populaire,Ristorante specialità bunsik 
56aa371be4b08b9a8d5734e7,Gukbap Restaurant,Restaurant servant du gukbap,Ristorante specialità gukbap 
56aa371be4b08b9a8d5734ed,Janguh Restaurant,Restaurant servant du jang uh,Ristorante specialità janguh
56aa371be4b08b9a8d5734ea,Samgyetang Restaurant,Restaurant servant du samgyetang,Ristorante specialità samgyetang
4bf58dd8d48988d156941735,Malay Restaurant,Restaurant malais,Ristorante Malay
5ae9595eb77c77002c2f9f26,Mamak Restaurant,Restaurant servant de la cuisine mamak,Ristorante che serve il mamak
4eb1d5724b900d56c88a45fe,Mongolian Restaurant,Restaurant mongol,Ristorante mongolo
4bf58dd8d48988d1d1941735,Noodle House,Restaurant de nouilles chinoises,Noodle House
56aa371be4b08b9a8d57350e,Satay Restaurant,Restaurant servant du sate,Ristorante specialità satay
4bf58dd8d48988d149941735,Thai Restaurant,Restaurant thaïlandais,Ristorante thai
56aa371be4b08b9a8d573502,Som Tum Restaurant,Restaurant servant du som tum,Ristorante specialità som tum
52af39fb3cf9994f4e043be9,Tibetan Restaurant,Restaurant Tibétain,Ristorante Tibetano
4bf58dd8d48988d14a941735,Vietnamese Restaurant,Restaurant vietnamien,Ristorante vietnamita
4bf58dd8d48988d169941735,Australian Restaurant,Restaurant australien,Ristorante australiano
52e81612bcbc57f1066b7a01,Austrian Restaurant,Restaurant autrichien,Ristorante Austriaco
4bf58dd8d48988d1df931735,BBQ Joint,Restaurant de cuisine au barbecue,Locale per barbecue
4bf58dd8d48988d179941735,Bagel Shop,Magasin de bagels,Negozi di bagel
4bf58dd8d48988d16a941735,Bakery,Boulangerie,Panetteria
52e81612bcbc57f1066b7a02,Belgian Restaurant,Restaurant belge,Ristorante Belga
52e81612bcbc57f1066b79f1,Bistro,Bistro,Bistro
4bf58dd8d48988d143941735,Breakfast Spot,Lieu servant des petits déjeuners,Posto per la colazione
52e81612bcbc57f1066b7a0c,Bubble Tea Shop,Magasin de thé aux perles,Negozio Bubble Tea
52e81612bcbc57f1066b79f4,Buffet,Buffet,Buffet
4bf58dd8d48988d16c941735,Burger Joint,Lieu servant des hamburgers,Locale per hamburger
4bf58dd8d48988d128941735,Cafeteria,Cafétéria,Mensa
4bf58dd8d48988d16d941735,Café,Café,Bar Caffè
4bf58dd8d48988d17a941735,Cajun / Creole Restaurant,Restaurant Cajun / créole,Ristorante creolo / cajun
4bf58dd8d48988d144941735,Caribbean Restaurant,Restaurant antillais,Ristorante caraibico
4bf58dd8d48988d154941735,Cuban Restaurant,Restaurant cubain,Ristorante cubano
5293a7d53cf9994f4e043a45,Caucasian Restaurant,Restaurant caucasien,Ristorante Caucasico
4bf58dd8d48988d1e0931735,Coffee Shop,Coffee Shop,Coffee-shop
52e81612bcbc57f1066b7a00,Comfort Food Restaurant,Restaurant de cuisine familiale,Ristorante comfort food
52e81612bcbc57f1066b79f2,Creperie,Crêperie,Creperia
52f2ae52bcbc57f1066b8b81,Czech Restaurant,Restaurant tchèque,Ristorante ceco
4bf58dd8d48988d146941735,Deli / Bodega,Épicerie fine/de proximité,Deli / Bodega
4bf58dd8d48988d1d0941735,Dessert Shop,Lieu servant des desserts,Pasticceria
4bf58dd8d48988d1bc941735,Cupcake Shop,Magasin de cupcake,Negozio di cupcake
512e7cae91d4cbb4e5efe0af,Frozen Yogurt Shop,Boutique de yaourts glacés,Yogurteria
4bf58dd8d48988d1c9941735,Ice Cream Shop,Glacier,Gelateria
5744ccdfe4b0c0459246b4e2,Pastry Shop,Pâtisserie,Pasticceria
52e81612bcbc57f1066b7a0a,Pie Shop,Tarterie,Negozio di torte salate e non
4bf58dd8d48988d147941735,Diner,Diner,Tavola Calda
4bf58dd8d48988d148941735,Donut Shop,Beignerie,Negozio di ciambelle
4bf58dd8d48988d108941735,Dumpling Restaurant,Restaurant spécialisé dans les quenelles,Ristorante con specialità gnocchi
5744ccdfe4b0c0459246b4d0,Dutch Restaurant,Restaurant hollandais,Ristorante olandese
4bf58dd8d48988d109941735,Eastern European Restaurant,Restaurant d'Europe de l'Est,Ristorante est‑europeo
52e928d0bcbc57f1066b7e97,Belarusian Restaurant,Restaurant biélorusse,Ristorante bielorusso
58daa1558bbb0b01f18ec1ee,Bosnian Restaurant,Restaurant bosniaque,Ristorante bosniaco
56aa371be4b08b9a8d5734f3,Bulgarian Restaurant,Restaurant bulgare,Ristorante bulgaro
52960bac3cf9994f4e043ac4,Romanian Restaurant,Restaurant roumain,Ristorante rumeno
52e928d0bcbc57f1066b7e98,Tatar Restaurant,Restaurant tatar,Ristorante tartaro
52e81612bcbc57f1066b7a05,English Restaurant,Restaurant britannique,Ristorante inglese
4bf58dd8d48988d10b941735,Falafel Restaurant,Restaurant falafel,Ristorante con specialità Falafel
4bf58dd8d48988d16e941735,Fast Food Restaurant,Fast-food,Ristorante fast food
4edd64a0c7ddd24ca188df1a,Fish & Chips Shop,Fish & Chips,Negozio di Fish and Chips
52e81612bcbc57f1066b7a09,Fondue Restaurant,Restaurant à fondue,Ristorante tipico per fonduta
4bf58dd8d48988d120951735,Food Court,Espace de restauration,Area ristorazione
56aa371be4b08b9a8d57350b,Food Stand,Stand de restauration,Chiosco
4bf58dd8d48988d1cb941735,Food Truck,Camion de restauration,Furgone gastronomia
4bf58dd8d48988d10c941735,French Restaurant,Restaurant français,Ristorante francese
57558b36e4b065ecebd306b6,Alsatian Restaurant,Restaurant alsacien,Ristorante alsaziano
57558b36e4b065ecebd306b8,Auvergne Restaurant,Restaurant auvergnat,Ristorante alvernese
57558b36e4b065ecebd306bc,Basque Restaurant,Restaurant basque,Ristorante basco
57558b36e4b065ecebd306b0,Brasserie,Brasserie,Brasserie
57558b36e4b065ecebd306c5,Breton Restaurant,Restaurant breton,Ristorante bretone
57558b36e4b065ecebd306c0,Burgundian Restaurant,Restaurant bourguignon,Ristorante borgognone
57558b36e4b065ecebd306cb,Catalan Restaurant,Restaurant catalan,Ristorante catalano
57558b36e4b065ecebd306ce,Ch'ti Restaurant,Restaurant ch'ti,Ristorante piccardo
57558b36e4b065ecebd306d1,Corsican Restaurant,Restaurant corse,Ristorante corso
57558b36e4b065ecebd306b4,Estaminet,Estaminet,Piccolo caffè
57558b36e4b065ecebd306b2,Labour Canteen,Cantine ouvrière,Mensa aziendale
57558b35e4b065ecebd306ad,Lyonese Bouchon,Bouchon lyonnais,Bouchon lionese
57558b36e4b065ecebd306d4,Norman Restaurant,Restaurant normand,Ristorante normanno
57558b36e4b065ecebd306d7,Provençal Restaurant,Restaurant provençal,Ristorante provenzale
57558b36e4b065ecebd306da,Savoyard Restaurant,Restaurant savoyard,Ristorante savoiardo
57558b36e4b065ecebd306ba,Southwestern French Restaurant,Restaurant de cuisine du Sud-Ouest de la France,Ristorante di cucina francese sudoccidentale
4d4ae6fc7a7b7dea34424761,Fried Chicken Joint,Restaurant spécialisé dans le poulet frit,Locale con specialità pollo fritto
55d25775498e9f6a0816a37a,Friterie,Friterie,Friggitoria
4bf58dd8d48988d155941735,Gastropub,Gastro-pub,Pub ristorante
4bf58dd8d48988d10d941735,German Restaurant,Restaurant allemand,Ristorante tedesco
56aa371ce4b08b9a8d573583,Apple Wine Pub,Bar à vin de pomme,Pub con specialità sidro
56aa371ce4b08b9a8d573572,Bavarian Restaurant,Restaurant bavarois,Ristorante bavarese
56aa371ce4b08b9a8d57358e,Bratwurst Joint,Stand à saucisses,Locale con specialità bratwurst
56aa371ce4b08b9a8d57358b,Currywurst Joint,Stand à currywurst,Locale con specialità currywurst
56aa371ce4b08b9a8d573574,Franconian Restaurant,Restaurant servant de la cuisine de Franconie,Ristorante con specialità della Franconia
56aa371ce4b08b9a8d573592,German Pop-Up Restaurant,Restaurant éphémère allemand,Pop-up restaurant tedesco
56aa371ce4b08b9a8d573578,Palatine Restaurant,Restaurant servant de la cuisine de Rhénanie-Palatinat,Ristorante Palatino
56aa371ce4b08b9a8d57357b,Rhenisch Restaurant,Restaurant rhénan,Ristorante con specialità della regione del Reno
56aa371ce4b08b9a8d573587,Schnitzel Restaurant,Restaurant servant du schnitzel,Ristorante con specialità schnitzel
56aa371ce4b08b9a8d57357f,Silesian Restaurant,Restaurant servant de la cuisine de Silésie,Ristorante con specialità della Slesia
56aa371ce4b08b9a8d573576,Swabian Restaurant,Restaurant servant de la cuisine de Souabe,Ristorante specialità regione sveva di Baden-Württemberg
4c2cd86ed066bed06c3c5209,Gluten-free Restaurant,Restaurant sans gluten,Ristorante con cucina senza glutine
4bf58dd8d48988d10e941735,Greek Restaurant,Restaurant grec,Ristorante greco
53d6c1b0e4b02351e88a83e8,Bougatsa Shop,Boutique de Bougatsa,Negozio bougatsa
53d6c1b0e4b02351e88a83e2,Cretan Restaurant,Restaurant crétois,Ristorante cretese
53d6c1b0e4b02351e88a83d8,Fish Taverna,Taverne de poissons,Taverna del pesce
53d6c1b0e4b02351e88a83d6,Grilled Meat Restaurant,Restaurant de viande grillée,Ristorante di carne grigliata
53d6c1b0e4b02351e88a83e6,Kafenio,Kafenio,Kafenio
53d6c1b0e4b02351e88a83e4,Magirio,Magirio,Magirio
53d6c1b0e4b02351e88a83da,Meze Restaurant,Restaurant de mézé,Ristorante meze
53d6c1b0e4b02351e88a83d4,Modern Greek Restaurant,Restaurant grec moderne,Ristorante greco moderno
53d6c1b0e4b02351e88a83dc,Ouzeri,Ouzeri,Ouzeri
53d6c1b0e4b02351e88a83e0,Patsa Restaurant,Patsa Restaurant,Patsa Restaurant
52e81612bcbc57f1066b79f3,Souvlaki Shop,Restaurant souvláki,Negozio di Souvlaki
53d6c1b0e4b02351e88a83d2,Taverna,Taverne,Taverna
53d6c1b0e4b02351e88a83de,Tsipouro Restaurant,Restaurant de Tsipouro,Ristorante tsipouro
52e81612bcbc57f1066b79ff,Halal Restaurant,Restaurant halal,Ristorante halal
52e81612bcbc57f1066b79fe,Hawaiian Restaurant,Restaurant hawaïen,Ristorante hawaiano
5bae9231bedf3950379f89d4,Poke Place,Lieu de restauration spécialisé en poke bowls,Ristorante che serve il poke
4bf58dd8d48988d16f941735,Hot Dog Joint,Stand de hot-dogs,Locale da Hot Dog
52e81612bcbc57f1066b79fa,Hungarian Restaurant,Restaurant hongrois,Ristorante ungherese
4bf58dd8d48988d10f941735,Indian Restaurant,Restaurant indien,Ristorante indiano
54135bf5e4b08f3d2429dfe5,Andhra Restaurant,Restaurant d'Andhra,Ristorante andhra
54135bf5e4b08f3d2429dff3,Awadhi Restaurant,Restaurant Awadhi,Ristorante awadhi
54135bf5e4b08f3d2429dff5,Bengali Restaurant,Restaurant bengali,Ristorante bengalese
54135bf5e4b08f3d2429dfe2,Chaat Place,Lieu servant des chaats,Posto chaat
54135bf5e4b08f3d2429dff2,Chettinad Restaurant,Restaurant Chettinad,Ristorante Chettinad
54135bf5e4b08f3d2429dfe1,Dhaba,Dhaba,Dhaba
54135bf5e4b08f3d2429dfe3,Dosa Place,Lieu servant des dosas,Posto Dosa
54135bf5e4b08f3d2429dfe8,Goan Restaurant,Restaurant de Goa,Ristorante Goan
54135bf5e4b08f3d2429dfe9,Gujarati Restaurant,Restaurant de Gujarati,Ristorante Gujarati
54135bf5e4b08f3d2429dfe6,Hyderabadi Restaurant,Restaurant de Hyderabadi,Ristorante Hyderabadi
54135bf5e4b08f3d2429dfdf,Indian Chinese Restaurant,Restaurant indien chinois,Ristorante indiano cinese
54135bf5e4b08f3d2429dfe4,Indian Sweet Shop,Lieu servant des pâtisseries indiennes,Negozio di dolci indiani
54135bf5e4b08f3d2429dfe7,Irani Cafe,Café iranien,Caffè iraniano
54135bf5e4b08f3d2429dfea,Jain Restaurant,Restaurant jaïn,Ristorante jain
54135bf5e4b08f3d2429dfeb,Karnataka Restaurant,Restaurant de Karnataka,Ristorante karnataka
54135bf5e4b08f3d2429dfed,Kerala Restaurant,Restaurant de Kerala,Ristorante kerala
54135bf5e4b08f3d2429dfee,Maharashtrian Restaurant,Restaurant de Maharashtra,Ristorante del Maharashtrian
54135bf5e4b08f3d2429dff4,Mughlai Restaurant,Restaurant de Mughlai,Ristorante mughlai
54135bf5e4b08f3d2429dfe0,Multicuisine Indian Restaurant,Restaurant indien multi-cuisine,Ristorante indiano multietnico
54135bf5e4b08f3d2429dfdd,North Indian Restaurant,Restaurant d'Inde du Nord,Ristorante indiano del nord
54135bf5e4b08f3d2429dff6,Northeast Indian Restaurant,Restaurant d'Inde du nord-est,Ristorante indiano del nord-est
54135bf5e4b08f3d2429dfef,Parsi Restaurant,Restaurant parsi,Ristorante parsi
54135bf5e4b08f3d2429dff0,Punjabi Restaurant,Restaurant de Punjabi,Ristorante punjabi
54135bf5e4b08f3d2429dff1,Rajasthani Restaurant,Restaurant du Rajasthan,Ristorante rajasthani
54135bf5e4b08f3d2429dfde,South Indian Restaurant,Restaurant d'Inde du Sud,Ristorante indiano del sud
54135bf5e4b08f3d2429dfec,Udupi Restaurant,Restaurant d'Udupi,Ristorante udupi
52e81612bcbc57f1066b7a06,Irish Pub,Pub irlandais,Pub irlandese
4bf58dd8d48988d110941735,Italian Restaurant,Restaurant italien,Ristorante italiano
55a5a1ebe4b013909087cbb6,Abruzzo Restaurant,Restaurant servant de la cuisine des Abruzzes,Ristorante Abruzzese
55a5a1ebe4b013909087cb7c,Agriturismo,Agriturismo,Agriturismo
55a5a1ebe4b013909087cba7,Aosta Restaurant,Restaurant servant de la cuisine de la Vallée d'Aoste,Ristorante Valdostano
55a5a1ebe4b013909087cba1,Basilicata Restaurant,Restaurant servant de la cuisine de la région de Basilicate,Ristorante Lucano
55a5a1ebe4b013909087cba4,Calabria Restaurant,Restaurant servant de la cuisine calabraise,Ristorante Calabrese
55a5a1ebe4b013909087cb95,Campanian Restaurant,Restaurant servant de la cuisine de la région de Campanie,Ristorante Campano
55a5a1ebe4b013909087cb89,Emilia Restaurant,Restaurant servant de la cuisine de la région de l'Émilie,Ristorante Emiliano
55a5a1ebe4b013909087cb9b,Friuli Restaurant,Restaurant servant de la cuisine de la région du Frioul,Ristorante friulano
55a5a1ebe4b013909087cb98,Ligurian Restaurant,Restaurant servant de la cuisine de Ligurie,Ristorante ligure
55a5a1ebe4b013909087cbbf,Lombard Restaurant,Restaurant servant de la cuisine de Lombardie,Ristorante lombardo
55a5a1ebe4b013909087cb79,Malga,Malga,Malga
55a5a1ebe4b013909087cbb0,Marche Restaurant,Restaurant servant de la cuisine de la région des Marches,Ristorante marchigiano
55a5a1ebe4b013909087cbb3,Molise Restaurant,Restaurant servant de la cuisine de la région du Molise,Ristorante molisano
55a5a1ebe4b013909087cb74,Piadineria,Restaurant servant de la piadina,Piadineria
55a5a1ebe4b013909087cbaa,Piedmontese Restaurant,Restaurant servant de la cuisine piémontaise,Ristorante piemontese
55a5a1ebe4b013909087cb83,Puglia Restaurant,Restaurant servant de la cuisine de la région des Pouilles,Ristorante pugliese
55a5a1ebe4b013909087cb8c,Romagna Restaurant,Restaurant servant de la cuisine de la région de la Romagne,Ristorante romagnolo
55a5a1ebe4b013909087cb92,Roman Restaurant,Restaurant servant de la cuisine romaine,Ristorante romanesco
55a5a1ebe4b013909087cb8f,Sardinian Restaurant,Restaurant servant de la cuisine sarde,Ristorante sardo
55a5a1ebe4b013909087cb86,Sicilian Restaurant,Restaurant servant de la cuisine sicilienne,Ristorante siciliano
55a5a1ebe4b013909087cbb9,South Tyrolean Restaurant,Restaurant servant de la cuisine de la région du Tyrol du Sud,Ristorante altoatesino
55a5a1ebe4b013909087cb7f,Trattoria/Osteria,Trattoria/Osteria,Trattoria/Osteria
55a5a1ebe4b013909087cbbc,Trentino Restaurant,Restaurant servant de la cuisine de la région du Trentin,Ristorante trentino
55a5a1ebe4b013909087cb9e,Tuscan Restaurant,Restaurant servant de la cuisine toscane,Ristorante toscano
55a5a1ebe4b013909087cbc2,Umbrian Restaurant,Restaurant servant de la cuisine de la région de l'Ombrie,Ristorante umbro
55a5a1ebe4b013909087cbad,Veneto Restaurant,Restaurant servant de la cuisine vénitienne,Ristorante veneto
52e81612bcbc57f1066b79fd,Jewish Restaurant,Restaurant de tradition juive,Ristorante ebraico
52e81612bcbc57f1066b79fc,Kosher Restaurant,Restaurant casher,Ristorante Kosher
4bf58dd8d48988d112941735,Juice Bar,Bar à jus,Juice bar
5283c7b4e4b094cb91ec88d7,Kebab Restaurant,Restaurant de kebab,Ristorante Kebab
4bf58dd8d48988d1be941735,Latin American Restaurant,Restaurant latino-américain,Ristorante latino americano
4bf58dd8d48988d152941735,Arepa Restaurant,Restaurant arepa,Ristorante con specialità arepa
52939a8c3cf9994f4e043a35,Empanada Restaurant,Restaurant d'empanada,Ristorante empanada
5745c7ac498e5d0483112fdb,Salvadoran Restaurant,Restaurant de cuisine du Salvador,Ristorante salvadoregno
4bf58dd8d48988d1cd941735,South American Restaurant,Restaurant sud-américain,Ristorante sudamericano
4bf58dd8d48988d107941735,Argentinian Restaurant,Restaurant argentin,Ristorante argentino
4bf58dd8d48988d16b941735,Brazilian Restaurant,Restaurant brésilien,Ristorante brasiliano
5294c7523cf9994f4e043a62,Acai House,Acai House,Acai House
52939ae13cf9994f4e043a3b,Baiano Restaurant,Restaurant Baiano,Ristorante Baiano
52939a9e3cf9994f4e043a36,Central Brazilian Restaurant,Restaurant du Brésil central,Ristorante Brasiliano in centro
52939a643cf9994f4e043a33,Churrascaria,Churrascaria,Churrascaria
5294c55c3cf9994f4e043a61,Empada House,Empada House,Empada House
52939af83cf9994f4e043a3d,Goiano Restaurant,Restaurant Goiano,Ristorante Goiano
52939aed3cf9994f4e043a3c,Mineiro Restaurant,Restaurant Mineiro,Ristorante Mineiro
52939aae3cf9994f4e043a37,Northeastern Brazilian Restaurant,Restaurant nord-est brésilien,Ristorante Brasiliano del nord-est
52939ab93cf9994f4e043a38,Northern Brazilian Restaurant,Restaurant nord-brésilien,Ristorante Brasiliano del nord
5294cbda3cf9994f4e043a63,Pastelaria,Pastelaria,Pastelaria
52939ac53cf9994f4e043a39,Southeastern Brazilian Restaurant,Restaurant sud-est brésilien,Ristorante Brasiliano del sud-est
52939ad03cf9994f4e043a3a,Southern Brazilian Restaurant,Restaurant sud-brésilien,Ristorante Brasiliano del sud
52939a7d3cf9994f4e043a34,Tapiocaria,Tapiocaria,Tapiocaria
58daa1558bbb0b01f18ec1f4,Colombian Restaurant,Restaurant colombien,Ristorante colombiano
4eb1bfa43b7b52c0e1adc2e8,Peruvian Restaurant,Restaurant péruvien,Ristorante peruviano
56aa371be4b08b9a8d573558,Venezuelan Restaurant,Restaurant vénézuélien,Ristorante venezuelano
4bf58dd8d48988d1bf941735,Mac & Cheese Joint,Lieu servant des pâtes,Locale maccheroni e formaggio
4bf58dd8d48988d1c0941735,Mediterranean Restaurant,Restaurant méditerranéen,Ristorante con cucina mediterranea
4bf58dd8d48988d1c3941735,Moroccan Restaurant,Restaurant marocain,Ristorante marocchino
4bf58dd8d48988d1c1941735,Mexican Restaurant,Restaurant mexicain,Ristorante messicano
58daa1558bbb0b01f18ec1d9,Botanero,Botanero,Botanero
4bf58dd8d48988d153941735,Burrito Place,Lieu servant des burritos,Posto da burrito
4bf58dd8d48988d151941735,Taco Place,Bar à tacos,Locale con specialità tacos
56aa371ae4b08b9a8d5734ba,Tex-Mex Restaurant,Restaurant tex-mex,Ristorante texano-messicano
5744ccdfe4b0c0459246b4d3,Yucatecan Restaurant,Restaurant servant de la cuisine du Yucatán,Ristorante yucateco
4bf58dd8d48988d115941735,Middle Eastern Restaurant,Restaurant du Moyen-Orient,Ristorante medio orientale
5bae9231bedf3950379f89e1,Egyptian Restaurant,Restaurant servant de la cuisine égyptienne,Ristorante egiziano
5bae9231bedf3950379f89e7,Iraqi Restaurant,Restaurant servant de la cuisine irakienne,Ristorante iracheno
56aa371be4b08b9a8d573529,Israeli Restaurant,Restaurant israélien,Ristorante israeliano
5744ccdfe4b0c0459246b4ca,Kurdish Restaurant,Restaurant kurde,Ristorante curdo
58daa1558bbb0b01f18ec1cd,Lebanese Restaurant,Restaurant libanais,Ristorante libanese
52e81612bcbc57f1066b79f7,Persian Restaurant,Restaurant perse,Ristorante persiano
58daa1558bbb0b01f18ec1bc,Ash and Haleem Place,Restaurant servant de l'ash et du haleem,Locale Ash and Haleem
58daa1558bbb0b01f18ec1c0,Dizi Place,Restaurant servant du dizi,Locale Dizi
58daa1558bbb0b01f18ec1c4,Gilaki Restaurant,Restaurant servant de la cuisine du Gilan,Ristorante Gilaki
58daa1558bbb0b01f18ec1c7,Jegaraki,Jegaraki,Jegaraki
5744ccdfe4b0c0459246b4a8,Tabbakhi,Tabbakhi,Tabbakhi
5bae9231bedf3950379f89e4,Shawarma Place,Lieu de restauration spécialisé en shawarma,Ristorante che serve lo shawarma
5bae9231bedf3950379f89da,Syrian Restaurant,Restaurant servant de la cuisine syrienne,Ristorante siriano
5bae9231bedf3950379f89ea,Yemeni Restaurant,Restaurant servant de la cuisine yéménite,Ristorante yemenita
52e81612bcbc57f1066b79f9,Modern European Restaurant,Restaurant européen gastronomique,Ristorante europeo moderno
4bf58dd8d48988d1c2941735,Molecular Gastronomy Restaurant,Restaurant de cuisine moléculaire,Ristorante con cucina molecolare
52e81612bcbc57f1066b79f8,Pakistani Restaurant,Restaurant pakistanais,Ristorante pakistano
56aa371be4b08b9a8d573508,Pet Café,Café avec animaux en liberté,Caffetteria pet-friendly
4bf58dd8d48988d1ca941735,Pizza Place,Pizzeria,Pizzeria
52e81612bcbc57f1066b7a04,Polish Restaurant,Restaurant polonais,Ristorante polacco
4def73e84765ae376e57713a,Portuguese Restaurant,Restaurant portugais,Ristorante portoghese
56aa371be4b08b9a8d5734c7,Poutine Place,Lieu servant de la poutine,Locale specialità poutine
4bf58dd8d48988d1c4941735,Restaurant,Restaurant,Ristorante
5293a7563cf9994f4e043a44,Russian Restaurant,Restaurant russe,Ristorante russo
52e928d0bcbc57f1066b7e9d,Blini House,Restaurant de blinis,Blini House
52e928d0bcbc57f1066b7e9c,Pelmeni House,Restaurant de pelmenis,Pelmeni House
4bf58dd8d48988d1bd941735,Salad Place,Bar à salades,Insalateria
4bf58dd8d48988d1c5941735,Sandwich Place,Sandwicherie,Paninoteca
4bf58dd8d48988d1c6941735,Scandinavian Restaurant,Restaurant scandinave,Ristorante scandinavo
5744ccdde4b0c0459246b4a3,Scottish Restaurant,Restaurant écossais,Ristorante scozzese
4bf58dd8d48988d1ce941735,Seafood Restaurant,Restaurant de fruits de mer,Ristorante di pesce
56aa371be4b08b9a8d57355a,Slovak Restaurant,Restaurant slovaque,Ristorante slovacco
4bf58dd8d48988d1c7941735,Snack Place,Snack,Posto da snack
4bf58dd8d48988d1dd931735,Soup Place,Bar à soupe,Zupperia
4bf58dd8d48988d14f941735,Southern / Soul Food Restaurant,Restaurant de soul-food,Ristorante con cucina degli Stati Uniti del Sud / afroamericana
4bf58dd8d48988d150941735,Spanish Restaurant,Restaurant espagnol,Ristorante spagnolo
4bf58dd8d48988d14d941735,Paella Restaurant,Restaurant servant de la paëlla,Ristorante specialità Paella
4bf58dd8d48988d1db931735,Tapas Restaurant,Bar à tapas,Ristorante con specialità tapas
5413605de4b0ae91d18581a9,Sri Lankan Restaurant,Restaurant sri-lankais,Ristorante dello Sri Lanka
4bf58dd8d48988d1cc941735,Steakhouse,Restaurant-grill,Bisteccheria
4bf58dd8d48988d158941735,Swiss Restaurant,Restaurant suisse,Ristorante svizzero
4bf58dd8d48988d1dc931735,Tea Room,Salon de thé,Sala da tè
56aa371be4b08b9a8d573538,Theme Restaurant,Restaurant à thème,Ristorante a tema
57558b36e4b065ecebd306dd,Truck Stop,Relais routier,Autogrill
4f04af1f2fb6e1c99f3db0bb,Turkish Restaurant,Restaurant turc,Ristorante turco
530faca9bcbc57f1066bc2f3,Borek Place,Borek Place,Borek Place
530faca9bcbc57f1066bc2f4,Cigkofte Place,Cigkofte Place,Cigkofte Place
5283c7b4e4b094cb91ec88d8,Doner Restaurant,Restaurant de Döner kebab,Ristorante Doner
5283c7b4e4b094cb91ec88d9,Gozleme Place,Restaurant de Gözleme,Luogo Gozleme
5283c7b4e4b094cb91ec88db,Kofte Place,Restaurants de Keftas,Luogo Kofte
5283c7b4e4b094cb91ec88d6,Kokoreç Restaurant,Restaurant de Kokoreç,Ristorante Kokoreç
56aa371be4b08b9a8d573535,Kumpir Restaurant,Restaurant servant du kumpir,Ristorante specialità kumpir
56aa371be4b08b9a8d5734bd,Kumru Restaurant,Restaurant servant du kumru,Ristorante specialità kumrucu
5283c7b4e4b094cb91ec88d5,Manti Place,Restaurant de Manti,Luogo Manti
5283c7b4e4b094cb91ec88da,Meyhane,Meyhane,Meyhane
530faca9bcbc57f1066bc2f2,Pide Place,Pide Place,Pide Place
58daa1558bbb0b01f18ec1df,Pilavcı,Pilavcı,Pilavcı
58daa1558bbb0b01f18ec1dc,Söğüş Place,Restaurant servant du söğüş,Locale Söğüş
56aa371be4b08b9a8d5734bf,Tantuni Restaurant,Restaurant servant du tantuni,Ristorante specialità tantunici
56aa371be4b08b9a8d5734c1,Turkish Coffeehouse,Café turc,Caffetteria tipica turca
5283c7b4e4b094cb91ec88d4,Turkish Home Cooking Restaurant,Restaurant de cuisine familiale turque,Ristorante di cucina casalinga turca
58daa1558bbb0b01f18ec1e2,Çöp Şiş Place,Restaurant servant du çöp şiş,Locale Çöp Şiş
52e928d0bcbc57f1066b7e96,Ukrainian Restaurant,Restaurant ukrainien,Ristorante ucraino
52e928d0bcbc57f1066b7e9a,Varenyky restaurant,Varenyky restaurant,Varenyky restaurant
52e928d0bcbc57f1066b7e9b,West-Ukrainian Restaurant,Restaurant ouest-ukrainien,Ristorante dell'Ucraina dell'ovest
4bf58dd8d48988d1d3941735,Vegetarian / Vegan Restaurant,Restaurant végétarien / végétalien,Ristorante vegetariano / vegano
4bf58dd8d48988d14c941735,Wings Joint,Lieu servant des wings,Locale con specialità alucce
4d4b7105d754a06376d81259,Nightlife Spot,Lieu de la vie nocturne,Locali notturni
4bf58dd8d48988d116941735,Bar,Bar,Bar
52e81612bcbc57f1066b7a0d,Beach Bar,Bar de plage,Bar sulla spiaggia
56aa371ce4b08b9a8d57356c,Beer Bar,Bar à bières,Birreria
4bf58dd8d48988d117941735,Beer Garden,Café en plein air,Birreria all'aperto
52e81612bcbc57f1066b7a0e,Champagne Bar,Bar à champagne,Champagne Bar
4bf58dd8d48988d11e941735,Cocktail Bar,Bar à cocktail,Cocktail bar
4bf58dd8d48988d118941735,Dive Bar,Rade,Taverna
4bf58dd8d48988d1d8941735,Gay Bar,Bar gay,Bar per gay
4bf58dd8d48988d119941735,Hookah Bar,Bar à chicha,Fumeria
4bf58dd8d48988d1d5941735,Hotel Bar,Bar d'hôtel,Bar dell'hotel
4bf58dd8d48988d120941735,Karaoke Bar,Bar karaoké,Bar karaoke
4bf58dd8d48988d11b941735,Pub,Pub,Pub
4bf58dd8d48988d11c941735,Sake Bar,Bar à saké,Bar da sake
4bf58dd8d48988d1d4941735,Speakeasy,Bar clandestin,Spaccio clandestino di bevande alcoliche
4bf58dd8d48988d11d941735,Sports Bar,Café des sports,Bar sport
56aa371be4b08b9a8d57354d,Tiki Bar,Bar à ambiance tropicale,Tiki bar
4bf58dd8d48988d122941735,Whisky Bar,Bar à whisky,Whisky bar
4bf58dd8d48988d123941735,Wine Bar,Bar à vins,Wine bar
50327c8591d4c4b30a586d5d,Brewery,Brasseur,Birrificio
4bf58dd8d48988d121941735,Lounge,Bar lounge,Lounge
53e510b7498ebcb1801b55d4,Night Market,Marché nocturne,Mercato notturno
4bf58dd8d48988d11f941735,Nightclub,Discothèque,Discoteca
4bf58dd8d48988d11a941735,Other Nightlife,Autre lieu de la vie nocturne,Altra vita notturna
4bf58dd8d48988d1d6941735,Strip Club,Club de striptease,Strip Club
4d4b7105d754a06377d81259,Outdoors & Recreation,Extérieur et loisirs,All'aperto & Ricreativi
4f4528bc4b90abdf24c9de85,Athletics & Sports,Athlétisme et sports,Atletica e sport
52e81612bcbc57f1066b7a2b,Badminton Court,Terrain de badminton,Campo da badminton
4bf58dd8d48988d1e8941735,Baseball Field,Terrain de baseball,Campo da baseball
4bf58dd8d48988d1e1941735,Basketball Court,Terrain de basket,Campo di basket
52e81612bcbc57f1066b7a2f,Bowling Green,Terrain de boulingrin,Campo di bocce
56aa371be4b08b9a8d57351a,Curling Ice,Piste de curling,Campo da curling
4bf58dd8d48988d1e6941735,Golf Course,Terrain de golf,Campo da golf
58daa1558bbb0b01f18ec1b0,Golf Driving Range,Practice de golf,Driving range golfistico
4bf58dd8d48988d175941735,Gym / Fitness Center,Salle de sport / Centre de fitness,Palestra / Centro fitness
52f2ab2ebcbc57f1066b8b47,Boxing Gym,Salle de boxe,Palestra di boxe
503289d391d4c4b30a586d6a,Climbing Gym,Salle d'escalade,Palestra per arrampicata
52f2ab2ebcbc57f1066b8b49,Cycle Studio,Vélodrome,Palestra di spinning
4bf58dd8d48988d105941735,Gym Pool,Piscine de complexe sportif,Palestra con piscina
52f2ab2ebcbc57f1066b8b48,Gymnastics Gym,Salle de gymnastique,Palestra per ginnastica
4bf58dd8d48988d176941735,Gym,Gymnastique,Palestra
4bf58dd8d48988d101941735,Martial Arts Dojo,Dojo d'arts martiaux,Centro studio arti marziali
58daa1558bbb0b01f18ec203,Outdoor Gym,Salle de sport en extérieur,Palestra all'aperto
5744ccdfe4b0c0459246b4b2,Pilates Studio,Studio de Pilates,Studio di pilates
4bf58dd8d48988d106941735,Track,Piste d'athlétisme,Pista
590a0744340a5803fd8508c3,Weight Loss Center,Centre d'amincissement,Centro di dimagrimento
4bf58dd8d48988d102941735,Yoga Studio,Salle de yoga,Studio di Yoga
4f452cd44b9081a197eba860,Hockey Field,Terrain de hockey,Campo da hockey
56aa371be4b08b9a8d57352c,Hockey Rink,Patinoire de hockey sur glace,Campo da hockey
5032829591d4c4b30a586d5e,Paintball Field,Terrain de paintball,Campo da paintball
52e81612bcbc57f1066b7a2c,Rugby Pitch,Terrain de rugby,Campo da rugby
4bf58dd8d48988d167941735,Skate Park,Skatepark,Skatepark
4bf58dd8d48988d168941735,Skating Rink,Patinoire,Pista di pattinaggio
4cce455aebf7b749d5e191f5,Soccer Field,Terrain de football,Campo di calcio
52e81612bcbc57f1066b7a2e,Sports Club,Club de sport,Club sportivo
52e81612bcbc57f1066b7a2d,Squash Court,Salle de squash,Campo da squash
4e39a956bd410d7aed40cbc3,Tennis Court,Court de tennis,Campo da tennis
4eb1bf013b7b6f98df247e07,Volleyball Court,Terrain de volley,Campo da pallavolo
52e81612bcbc57f1066b7a28,Bathing Area,Zone de baignade,Area di balneazione
56aa371be4b08b9a8d573544,Bay,Baie,Baia
4bf58dd8d48988d1e2941735,Beach,Plage,Spiaggia
52e81612bcbc57f1066b7a30,Nudist Beach,Plage nudiste,Spiaggia nudisti
4bf58dd8d48988d1e3941735,Surf Spot,Plage de surf,Posto da surf
56aa371be4b08b9a8d57355e,Bike Trail,Sentier pour vélos,Percorso ciclabile
52e81612bcbc57f1066b7a22,Botanical Garden,Jardin botanique,Giardino Botanico
4bf58dd8d48988d1df941735,Bridge,Pont,Ponte
4bf58dd8d48988d1e4941735,Campground,Terrain de camping,Campeggio
56aa371be4b08b9a8d57353b,Canal Lock,Écluse,Chiusa - canale
56aa371be4b08b9a8d573562,Canal,Canal,Canale
50aaa49e4b90af0d42d5de11,Castle,Château,Castello
56aa371be4b08b9a8d573511,Cave,Grotte,Cava
4bf58dd8d48988d15c941735,Cemetery,Cimetière,Cimitero
52e81612bcbc57f1066b7a12,Dive Spot,Lieu de plongée sous-marine,Punto di immersione
4bf58dd8d48988d1e5941735,Dog Run,Parc pour chiens,Area per cani
4bf58dd8d48988d15b941735,Farm,Ferme,Fattoria
4bf58dd8d48988d15f941735,Field,Champ,Campo
52e81612bcbc57f1066b7a0f,Fishing Spot,Spot de pêche,Punto di pesca
52e81612bcbc57f1066b7a23,Forest,Forêt,Foresta
56aa371be4b08b9a8d573547,Fountain,Fontaine,Fontana
4bf58dd8d48988d15a941735,Garden,Jardin,Giardino
52e81612bcbc57f1066b7a11,Gun Range,Stand de tir,Poligono di tiro
4bf58dd8d48988d1e0941735,Harbor / Marina,Port / Marina,Porto / Marina
5bae9231bedf3950379f89cd,Hill,Colline,Collina
4bf58dd8d48988d160941735,Hot Spring,Source thermale,Sorgente termale
5744ccdfe4b0c0459246b4b5,Indoor Play Area,Parc de jeux couvert,Area giochi al coperto
50aaa4314b90af0d42d5de10,Island,Île,Isola
4bf58dd8d48988d161941735,Lake,Lac,Lago
4bf58dd8d48988d15d941735,Lighthouse,Phare,Faro
55a5a1ebe4b013909087cb77,Mountain Hut,Refuge de montage,Rifugio di montagna
4eb1d4d54b900d56c88a45fc,Mountain,Montagne,Montagna
52e81612bcbc57f1066b7a21,National Park,Parc naturel,Parco Nazionale
52e81612bcbc57f1066b7a13,Nature Preserve,Réserve naturelle protégée,Riserva naturale
4bf58dd8d48988d162941735,Other Great Outdoors,Autres grands espaces,Altri grandi spazi all'aperto
52e81612bcbc57f1066b7a14,Palace,Palais,Luogo
4bf58dd8d48988d163941735,Park,Parc,Parco
52e81612bcbc57f1066b7a25,Pedestrian Plaza,Zone piétonne,Zona Pedonale
4bf58dd8d48988d1e7941735,Playground,Terrain de jeu,Parco giochi
4bf58dd8d48988d164941735,Plaza,Place,Piazza
4bf58dd8d48988d15e941735,Pool,Piscine,Piscina
52e81612bcbc57f1066b7a29,Rafting,Rafting,Rafting
52e81612bcbc57f1066b7a26,Recreation Center,Centre de loisirs,Centro ricreativo
56aa371be4b08b9a8d573541,Reservoir,Lac artificiel,Bacino idrico
4eb1d4dd4b900d56c88a45fd,River,Rivière,Fiume
50328a4b91d4c4b30a586d6b,Rock Climbing Spot,Site naturel d'escalade,Luogo per arrampicate
4bf58dd8d48988d133951735,Roof Deck,Toit-terrasse,Terrazzo sul tetto
4bf58dd8d48988d165941735,Scenic Lookout,Belvédère / Panorama,Luogo panoramico
4bf58dd8d48988d166941735,Sculpture Garden,Jardin de sculptures,Giardino con sculture
4bf58dd8d48988d1e9941735,Ski Area,Station de ski,Zona sciistica
4bf58dd8d48988d1ea941735,Apres Ski Bar,Bar de station de ski,Bar doposci
4eb1c0ed3b7b52c0e1adc2ea,Ski Chairlift,Remontée mécanique,Seggiovia
4bf58dd8d48988d1ec941735,Ski Chalet,Chalet de montagne,Chalet per sci
4bf58dd8d48988d1eb941735,Ski Lodge,Pavillon de ski,Baita da sci
4eb1c0f63b7b52c0e1adc2eb,Ski Trail,Piste de ski,Sentiero da sci
58daa1558bbb0b01f18ec1b9,Skydiving Drop Zone,Centre de parachutisme,Zona di atterraggio per paracadutismo
4eb1baf03b7b2c5b1d4306ca,Stables,Étables,Scuderie
5bae9231bedf3950379f89d0,State / Provincial Park,Parc national/régional,Parco statale/provinciale
530e33ccbcbc57f1066bbfe4,States & Municipalities,États et municipalités,Stati e Comuni
50aa9e094b90af0d42d5de0d,City,Ville,Città
5345731ebcbc57f1066c39b2,County,Région,Provincia
530e33ccbcbc57f1066bbff7,Country,Pays ,Nazione
4f2a25ac4b909258e854f55f,Neighborhood,Quartier,Quartiere
530e33ccbcbc57f1066bbff8,State,État / Région,Regione
530e33ccbcbc57f1066bbff3,Town,Bourg,Cittadina
530e33ccbcbc57f1066bbff9,Village,Village,Paese
52e81612bcbc57f1066b7a10,Summer Camp,Camp de vacances,Colonia estiva
4bf58dd8d48988d159941735,Trail,Chemin,Sentiero
52e81612bcbc57f1066b7a24,Tree,Arbre,Albero
4bf58dd8d48988d1de941735,Vineyard,Vignoble,Vigneto
5032848691d4c4b30a586d61,Volcano,Volcan,Vulcano
56aa371be4b08b9a8d573560,Waterfall,Cascade,Cascata
56aa371be4b08b9a8d5734c3,Waterfront,Front de mer,Riva
4fbc1be21983fc883593e321,Well,Puits,Pozzo
5bae9231bedf3950379f89c7,Windmill,Moulin à vent,Mulino a vento
4d4b7105d754a06375d81259,Professional & Other Places,Lieux professionnels ou autres,Posti professionali e altri
4e52d2d203646f7c19daa8ae,Animal Shelter,Refuge pour animaux,Rifugio per animali
58daa1558bbb0b01f18ec1d6,Art Studio,Studio d'art,Studio d'arte
4bf58dd8d48988d173941735,Auditorium,Auditorium,Auditorium
56aa371be4b08b9a8d5734cf,Ballroom,Salle de bal,Sala da ballo
4bf58dd8d48988d130941735,Building,Bâtiment,Edificio
56aa371be4b08b9a8d573517,Business Center,Centre d'affaires,Business center
52e81612bcbc57f1066b7a35,Club House,Club House,Club House
52e81612bcbc57f1066b7a34,Community Center,Salle des fêtes,Centro sociale
4bf58dd8d48988d1ff931735,Convention Center,Palais des congrès,Centro congressi
4bf58dd8d48988d100941735,Meeting Room,Salle de réunion,Sala riunioni
52e81612bcbc57f1066b7a32,Cultural Center,Centre culturel,Centro culturale
4e0e22f5a56208c4ea9a85a0,Distillery,Distillerie,Distilleria
52e81612bcbc57f1066b7a37,Distribution Center,Centre de distribution,Centro di distribuzione
4bf58dd8d48988d171941735,Event Space,Salle polyvalente,Spazio per eventi
56aa371be4b08b9a8d57356a,Outdoor Event Space,Parc des expositions,Spazio per eventi all'aperto
4eb1bea83b7b6f98df247e06,Factory,Usine,Fabbrica
4eb1daf44b900d56c88a4600,Fair,Foire,Fiera
4f4534884b9074f6e4fb0174,Funeral Home,Funérarium,Impresa di pompe funebri
4bf58dd8d48988d126941735,Government Building,Bâtiment gouvernemental,Edificio governativo
4bf58dd8d48988d12a941735,Capitol Building,Capitole,Campidoglio
4bf58dd8d48988d129941735,City Hall,Hôtel de ville,Palazzo civico
4bf58dd8d48988d12b941735,Courthouse,Palais de justice,Palazzo di giustizia
4bf58dd8d48988d12c951735,Embassy / Consulate,Ambassade / Consulat,Ambasciata / Consolato
4bf58dd8d48988d12c941735,Fire Station,Caserne de pompiers,Stazione vigili del fuoco
4bf58dd8d48988d12d941735,Monument / Landmark,Monument / Point d'intérêt,Monumento / Punto di riferimento
4bf58dd8d48988d12e941735,Police Station,Commissariat de police,Stazione di polizia
52e81612bcbc57f1066b7a38,Town Hall,Mairie,Municipio
56aa371be4b08b9a8d5734d7,Industrial Estate,Zone industrielle,Area industriale
5744ccdfe4b0c0459246b4d6,Laboratory,Laboratoire,Laboratorio
4bf58dd8d48988d12f941735,Library,Bibliothèque,Biblioteca
4bf58dd8d48988d104941735,Medical Center,Centre médical,Ambulatorio Medico
52e81612bcbc57f1066b7a3b,Acupuncturist,Acupuncteur,Agopuntore
52e81612bcbc57f1066b7a3c,Alternative Healer,Médecine douce,Medico alternativo
52e81612bcbc57f1066b7a3a,Chiropractor,Chiropracteur,Chiropratico
4bf58dd8d48988d178941735,Dentist's Office,Cabinet de dentiste,Studio Dentistico
4bf58dd8d48988d177941735,Doctor's Office,Cabinet de médecin,Studio Medico
4bf58dd8d48988d194941735,Emergency Room,Service des Urgences,Pronto soccorso
522e32fae4b09b556e370f19,Eye Doctor,Ophtalmologiste,Oculista
4bf58dd8d48988d196941735,Hospital,Hôpital,Ospedale
58daa1558bbb0b01f18ec1f7,Hospital Ward,Centre hospitalier,Reparto ospedaliero
56aa371be4b08b9a8d5734ff,Maternity Clinic,Maternité,Clinica di maternità
4f4531b14b9074f6e4fb0103,Medical Lab,Laboratoire médical,Laboratorio medico
52e81612bcbc57f1066b7a39,Mental Health Office,Centre psychiatrique,Centro di igiene mentale
58daa1558bbb0b01f18ec1d0,Nutritionist,Nutritionniste,Nutrizionista
5744ccdfe4b0c0459246b4af,Physical Therapist,Kinésithérapeute,Fisioterapista
56aa371be4b08b9a8d57351d,Rehab Center,Centre de désintoxication,Centro di riabilitazione
56aa371be4b08b9a8d573526,Urgent Care Center,Urgences,Centro di pronto soccorso
4d954af4a243a5684765b473,Veterinarian,Vétérinaire,Veterinario
4e52adeebd41615f56317744,Military Base,Base militaire,Base militare
50328a8e91d4c4b30a586d6c,Non-Profit,Association à but non lucratif,Non a scopo di lucro
5744ccdfe4b0c0459246b4d9,Observatory,Observatoire,Osservatorio
4bf58dd8d48988d124941735,Office,Bureau,Ufficio
52e81612bcbc57f1066b7a3d,Advertising Agency,Agence de publicité,Agenzia pubblicitaria
5032764e91d4c4b30a586d5a,Campaign Office,Bureau de campagne électorale,Ufficio campagna elettorale
4bf58dd8d48988d127941735,Conference Room,Salle de conférence,Sala conferenze
5665ef1d498ec706735f0e59,Corporate Amenity,Équipement d'entreprise,Servizio aziendale
54f4ba06498e2cf5561da814,Corporate Cafeteria,Cafétéria d'entreprise,Mensa aziendale
5665c7b9498e7d8a4f2c0f06,Corporate Coffee Shop,Établissement d'une chaîne de cafés,Coffee-shop aziendale
4bf58dd8d48988d174941735,Coworking Space,Espace de travail partagé,Spazio di lavoro in comune
4bf58dd8d48988d125941735,Tech Startup,Startup technologique,Start-up tecnologica
4c38df4de52ce0d596b336e1,Parking,Parking,Parcheggio
4bf58dd8d48988d172941735,Post Office,Bureau de poste,Ufficio postale
58daa1548bbb0b01f18ec1a9,Power Plant,Centrale électrique,Centrale elettrica
5310b8e5bcbc57f1066bcbf1,Prison,Prison,Carcere
5032856091d4c4b30a586d63,Radio Station,Station de radio,Stazione radio
52f2ab2ebcbc57f1066b8b57,Recruiting Agency,Agence de recrutement,Agenzia di reclutamento
58daa1558bbb0b01f18ec1b2,Research Station,Centre de recherche,Stazione di ricerca
4bf58dd8d48988d13b941735,School,École,Scuola
56aa371ce4b08b9a8d573570,Adult Education Center,Centre d'enseignement pour adultes,Centro educativo per adulti
52e81612bcbc57f1066b7a43,Circus School,École de cirque,Scuola di Circo
58daa1558bbb0b01f18ec200,Cooking School,École de cuisine,Scuola di cucina
52e81612bcbc57f1066b7a42,Driving School,Auto-école,Scuola guida
4f4533804b9074f6e4fb0105,Elementary School,École primaire,Scuola elementare
52e81612bcbc57f1066b7a49,Flight School,École d'aviation,Scuola di volo
4bf58dd8d48988d13d941735,High School,Lycée,Scuola superiore
52e81612bcbc57f1066b7a48,Language School,École de Langue,Scuola di lingue
4f4533814b9074f6e4fb0106,Middle School,Collège,Scuola media
4f04b10d2fb6e1c99f3db0be,Music School,École de musique,Scuola di musica
4f4533814b9074f6e4fb0107,Nursery School,Crèche,Scuola materna
52e81612bcbc57f1066b7a45,Preschool,École maternelle,Asilo
52e81612bcbc57f1066b7a46,Private School,École privée,Scuola privata
52e81612bcbc57f1066b7a47,Religious School,École confessionnelle,Scuola religiosa
52e81612bcbc57f1066b7a44,Swim School,École de natation,Scuola di nuoto
52e81612bcbc57f1066b7a33,Social Club,Centre social,Circolo
4bf58dd8d48988d131941735,Spiritual Center,Centre spirituel,Centro spirituale
52e81612bcbc57f1066b7a3e,Buddhist Temple,Temple bouddhiste,Tempio Buddista
58daa1558bbb0b01f18ec1eb,Cemevi,Cemevi,Cemevi
4bf58dd8d48988d132941735,Church,Église,Chiesa
56aa371be4b08b9a8d5734fc,Confucian Temple,Temple confucéen,Tempio confuciano
52e81612bcbc57f1066b7a3f,Hindu Temple,Temple hindou,Tempio hindu
5744ccdfe4b0c0459246b4ac,Kingdom Hall,Salle du Royaume,Sala del Regno
52e81612bcbc57f1066b7a40,Monastery,Monastère,Monastero
4bf58dd8d48988d138941735,Mosque,Mosquée,Moschea
52e81612bcbc57f1066b7a41,Prayer Room,Salle de prière,Stanza di preghiera
4eb1d80a4b900d56c88a45ff,Shrine,Sanctuaire,Santuario
5bae9231bedf3950379f89c9,Sikh Temple,Temple sikh,Tempio Sikh
4bf58dd8d48988d139941735,Synagogue,Synagogue,Sinagoga
4bf58dd8d48988d13a941735,Temple,Temple,Tempio
56aa371be4b08b9a8d5734f6,Terreiro,Terreiro,Terreiro portoghese
52e81612bcbc57f1066b7a31,TV Station,Station de télévision,Stazione televisiva
4cae28ecbf23941eb1190695,Voting Booth,Isoloir,Cabina elettorale
52e81612bcbc57f1066b7a36,Warehouse,Entrepôt,Magazzino
58daa1558bbb0b01f18ec1ac,Waste Facility,Déchetterie,Impianto di trattamento dei rifiuti
56aa371be4b08b9a8d5734c5,Wedding Hall,Salle de mariage,Sala ricevimento
4bf58dd8d48988d14b941735,Winery,Chai,Cantina
4e67e38e036454776db1fb3a,Residence,Résidence,Residenza
5032891291d4c4b30a586d68,Assisted Living,Résidence médicalisée,Residenza assistenziale
4bf58dd8d48988d103941735,Home (private),Maison (privée),Abitazione (privata)
4f2a210c4b9023bd5841ed28,Housing Development,Domaine résidentiel,Complesso edilizio
4d954b06a243a5684965b473,Residential Building (Apartment / Condo),Immeuble résidentiel (appartement / copropriété),Edificio residenziale (appartamento/condominio)
52f2ab2ebcbc57f1066b8b55,Trailer Park,Terrain pour caravanes et mobil homes,Area roulotte
4d4b7105d754a06378d81259,Shop & Service,Boutique et service,Negozi e servizi
52f2ab2ebcbc57f1066b8b56,ATM,Distributeur automatique,Bancomat
5267e446e4b0ec79466e48c4,Adult Boutique,Magasin pour adultes,Boutique per adulti
4bf58dd8d48988d116951735,Antique Shop,Magasin d'antiquités,Negozio d'antiquariato
4bf58dd8d48988d127951735,Arts & Crafts Store,Magasin d'artisanat,Negozio d'arte e artigianato
52f2ab2ebcbc57f1066b8b43,Astrologer,Astrologue,Astrologo
4eb1c1623b7b52c0e1adc2ec,Auto Dealership,Concession automobile,Concessionaria d'auto
52f2ab2ebcbc57f1066b8b44,Auto Garage,Garage auto,Officina riparazioni auto
56aa371be4b08b9a8d5734d3,Auto Workshop,Atelier auto,Carrozzeria
4bf58dd8d48988d124951735,Automotive Shop,Accessoiriste auto,Articoli per auto
52f2ab2ebcbc57f1066b8b32,Baby Store,Magasin de puériculture,Negozio per bambini
4bf58dd8d48988d10a951735,Bank,Banque,Banca
52e81612bcbc57f1066b7a27,Bath House,Bains publics,Bagno pubblico
56aa371be4b08b9a8d5734cb,Batik Shop,Magasin de batik,Negozio di articoli batik
52f2ab2ebcbc57f1066b8b40,Betting Shop,Lieu de paris,Negozio Scommesse
52f2ab2ebcbc57f1066b8b42,Big Box Store,Grande surface,Grande magazzino
4bf58dd8d48988d115951735,Bike Shop,Atelier à vélos,Negozio di biciclette
4bf58dd8d48988d1f1941735,Board Shop,Magasin de planches,"Negozi di skateboard, snowboard ecc."
4bf58dd8d48988d114951735,Bookstore,Librairie,Libreria
4bf58dd8d48988d11a951735,Bridal Shop,Boutique de mariage,Negozio di abiti da sposa
5453de49498eade8af355881,Business Service,Service aux entreprises,Servizio aziendale
4eb1bdf03b7b55596b4a7491,Camera Store,Magasin de photo,Negozio di fotocamere
4bf58dd8d48988d117951735,Candy Store,Confiserie,Negozio di dolciumi
4f04ae1f2fb6e1c99f3db0ba,Car Wash,Station de lavage automobile,Autolavaggio
52f2ab2ebcbc57f1066b8b2a,Carpet Store,Magasin de tapis,Negozio di tappeti
52f2ab2ebcbc57f1066b8b2d,Check Cashing Service,Service d'encaissement des chèques,Servizio incasso assegni
5744ccdfe4b0c0459246b4c7,Child Care Service,Garderie,Servizio di baby-sitting
4f4532974b9074f6e4fb0104,Daycare,Garderie,Asilo nido
52f2ab2ebcbc57f1066b8b31,Chocolate Shop,Chocolatier,Negozio di cioccolato
4bf58dd8d48988d103951735,Clothing Store,Magasin de vêtements,Negozio di abbigliamento
4bf58dd8d48988d102951735,Accessories Store,Magasin d'accessoires,Negozio di accessori
4bf58dd8d48988d104951735,Boutique,Boutique,Boutique
4bf58dd8d48988d105951735,Kids Store,Boutique de vêtements pour enfants,Negozio per l'infanzia
4bf58dd8d48988d109951735,Lingerie Store,Boutique de lingeries,Negozio di biancheria intima
4bf58dd8d48988d106951735,Men's Store,Boutique de vêtements pour hommes,Negozio abbigliamento uomo
4bf58dd8d48988d107951735,Shoe Store,Magasin de chaussures,Negozio di calzature
4bf58dd8d48988d108951735,Women's Store,Boutique de vêtements pour femmes,Negozio di abbigliamento donna
52f2ab2ebcbc57f1066b8b18,Comic Shop,Librairie spécialisée en bandes dessinées,Negozio di fumetti
5454144b498ec1f095bff2f2,Construction & Landscaping,Construction et aménagement paysager,Costruzione & paesaggistica
4d954b0ea243a5684a65b473,Convenience Store,Supérette,Negozietto nei paraggi
4bf58dd8d48988d10c951735,Cosmetics Shop,Boutique de cosmétiques,Negozio di cosmetici
52f2ab2ebcbc57f1066b8b17,Costume Shop,Magasin de costumes,Negozio di costumi per travestimenti
5032850891d4c4b30a586d62,Credit Union,Coopérative de crédit,Cooperativa di credito
5744ccdfe4b0c0459246b4be,Currency Exchange,Bureau de change,Cambio valuta
4bf58dd8d48988d1f6941735,Department Store,Grand magasin,Grandi magazzini
4bf58dd8d48988d1f4941735,Design Studio,Studio de conception,Studio di progettazione
52dea92d3cf9994f4e043dbb,Discount Store,Magasin discount,Discount
52f2ab2ebcbc57f1066b8b1a,Dive Shop,Boutique de plongée,Negozio attrezzatura da sub
5745c2e4498e11e7bccabdbd,Drugstore,Parapharmacie,Farmacia
52f2ab2ebcbc57f1066b8b1d,Dry Cleaner,Pressing,Lavasecco
5032872391d4c4b30a586d64,EV Charging Station,Station de recharge pour véhicules électriques,Stazione di ricarica veicoli elettrici
4bf58dd8d48988d122951735,Electronics Store,Magasin d'électronique,Negozio di elettronica
56aa371be4b08b9a8d573554,Entertainment Service,Service de divertissement,Servizio di intrattenimento
5454152e498ef71e2b9132c6,Event Service,Service événementiel,Servizio eventi
52f2ab2ebcbc57f1066b8b26,Fabric Shop,Magasin de textiles,Negozio di tessuti
56aa371be4b08b9a8d573523,Film Studio,Studio de cinéma,Studio di produzione cinematografica
503287a291d4c4b30a586d65,Financial or Legal Service,Service financier ou juridique,Servizio finanziario o legale
52f2ab2ebcbc57f1066b8b3a,Fireworks Store,Boutique de feux d'artifices,Negozio di fuochi d'artificio
52f2ab2ebcbc57f1066b8b16,Fishing Store,Magasin de pêche,Negozio di pesca
4bf58dd8d48988d1f7941735,Flea Market,Marché aux puces,Mercato delle pulci
56aa371be4b08b9a8d573505,Floating Market,Marché flottant,Mercato galleggiante
4bf58dd8d48988d11b951735,Flower Shop,Fleuriste,Negozio di fiori
4bf58dd8d48988d1f9941735,Food & Drink Shop,Magasin alimentaire,Negozio di alimentari e bevande
5370f356bcbc57f1066c94c2,Beer Store,Magasin de vente de bière,Negozio di birra
4bf58dd8d48988d11d951735,Butcher,Boucherie,Macellaio
4bf58dd8d48988d11e951735,Cheese Shop,Fromagerie,Negozio di formaggi
58daa1558bbb0b01f18ec1ca,Dairy Store,Magasin de produits laitiers,Latteria
4bf58dd8d48988d1fa941735,Farmers Market,Marché fermier,Mercato dei contadini
4bf58dd8d48988d10e951735,Fish Market,Marché aux poissons,Mercato del pesce
56aa371be4b08b9a8d573550,Food Service,Traiteur,Servizio di ristorazione
4bf58dd8d48988d1f5941735,Gourmet Shop,Magasin de spécialités gastronomiques,Negozio di primizie gastronomiche
4bf58dd8d48988d118951735,Grocery Store,Épicerie,Drogheria
50aa9e744b90af0d42d5de0e,Health Food Store,Magasin d'alimentation bio,Negozio di cibi naturali
58daa1558bbb0b01f18ec1e8,Kuruyemişçi,Kuruyemişçi,Kuruyemişçi
4bf58dd8d48988d186941735,Liquor Store,Magasin de spiritueux,Negozio di liquori
52f2ab2ebcbc57f1066b8b45,Organic Grocery,Épicerie bio,Negozio di frutta e verdura biologica
56aa371be4b08b9a8d573564,Sausage Shop,Saucisserie,Negozio con specialità salsicce
53e0feef498e5aac066fd8a9,Street Food Gathering,Rassemblement de Street Food,Raduno di cibo di strada
52f2ab2ebcbc57f1066b8b46,Supermarket,Supermarché,Supermercato
58daa1558bbb0b01f18ec1e5,Turşucu,Turşucu,Turşucu
4bf58dd8d48988d119951735,Wine Shop,Caviste,Enoteca
52f2ab2ebcbc57f1066b8b24,Frame Store,Magasin d'encadrement,Negozio cornici
52f2ab2ebcbc57f1066b8b1c,Fruit & Vegetable Store,Primeur,Negozio di frutta e verdura
4bf58dd8d48988d1f8941735,Furniture / Home Store,Magasin d'ameublement/de décoration intérieure,Negozio di arredamento / Casalinghi
55888a5a498e782e3303b43a,Lighting Store,Magasin de luminaires,Negozio di articoli per l'illuminazione
4bf58dd8d48988d18d941735,Gaming Cafe,Salle de jeux en ligne,Sala giochi
4eb1c0253b7b52c0e1adc2e9,Garden Center,Jardinerie,Centro per giardinaggio
4bf58dd8d48988d113951735,Gas Station,Station-essence,Stazione di servizio
4bf58dd8d48988d128951735,Gift Shop,Boutique de souvenirs,Articoli regalo
52f2ab2ebcbc57f1066b8b19,Gun Shop,Armurerie,Negozio di armi
4bf58dd8d48988d112951735,Hardware Store,Quincaillerie,Ferramenta
54541900498ea6ccd0202697,Health & Beauty Service,Service de santé et de beauté,Servizio salute & bellezza
52f2ab2ebcbc57f1066b8b2c,Herbs & Spices Store,Herboristerie,Negozio di erbe e spezie
4bf58dd8d48988d1fb941735,Hobby Shop,Magasin de loisirs créatifs,Negozio di bricolage
545419b1498ea6ccd0202f58,Home Service,Service à domicile,Servizio domestico
50aaa5234b90af0d42d5de12,Hunting Supply,Accessoire de chasse,Negozio di forniture per la caccia
52f2ab2ebcbc57f1066b8b36,IT Services,Services informatiques,Servizi IT
58daa1558bbb0b01f18ec1f1,Insurance Office,Assureur,Compagnia assicurativa
4bf58dd8d48988d1f0941735,Internet Cafe,Cybercafé,Internet cafe
4bf58dd8d48988d111951735,Jewelry Store,Bijouterie,Gioielleria
58daa1558bbb0b01f18ec1b4,Kitchen Supply Store,Magasin d'ustensiles de cuisine,Negozio di articoli da cucina
52f2ab2ebcbc57f1066b8b25,Knitting Store,Magasin de tricot,Negozio di filati
52f2ab2ebcbc57f1066b8b33,Laundromat,Laverie automatique,Lavanderia a gettoni
4bf58dd8d48988d1fc941735,Laundry Service,Blanchisserie,Servizio di lavanderia
52f2ab2ebcbc57f1066b8b3f,Lawyer,Avocat,Studio legale
52f2ab2ebcbc57f1066b8b2b,Leather Goods Store,Maroquinerie,Negozio di pelletteria
52f2ab2ebcbc57f1066b8b1e,Locksmith,Serrurier,Fabbro
52f2ab2ebcbc57f1066b8b38,Lottery Retailer,Vente de billets de loto,Distributore biglietti della lotteria
52f2ab2ebcbc57f1066b8b29,Luggage Store,Magasin de bagages,Negozio di valigeria
52c71aaf3cf9994f4e043d17,Marijuana Dispensary,Dispensaire de cannabis,Dispensario di marijuana
50be8ee891d4fa8dcc7199a7,Market,Marché,Mercato
52f2ab2ebcbc57f1066b8b3c,Massage Studio,Salon de massage,Centro massaggi
52f2ab2ebcbc57f1066b8b27,Mattress Store,Magasin de literie,Negozio di materassi
58daa1558bbb0b01f18ec206,Medical Supply Store,Magasin d'équipement médical,Negozio di articoli sanitari
4bf58dd8d48988d1ff941735,Miscellaneous Shop,Boutique de produits divers,Negozio assortito
4f04afc02fb6e1c99f3db0bc,Mobile Phone Shop,Magasin de téléphonie mobile,Negozio di telefoni cellulari
56aa371be4b08b9a8d57354a,Mobility Store,Magasin d'articles pour personnes à mobilité réduite,Mobility store
5032833091d4c4b30a586d60,Motorcycle Shop,Magasin de moto,Negozio di moto
59d79d6b2e268052fa2a3332,Motorsports Shop,Magasin pour sports mécaniques,Negozio di sport motoristici
4bf58dd8d48988d1fe941735,Music Store,Magasin de musique,Negozio di musica
4f04aa0c2fb6e1c99f3db0b8,Nail Salon,Salon de manucure,Centro per ricostruzione unghie
4f04ad622fb6e1c99f3db0b9,Newsstand,Kiosque à journaux,Edicola
5ae95d208a6f17002ce792b2,Notary,Notaire,Notaio
4d954afda243a5684865b473,Optical Shop,Opticien,Ottico
52f2ab2ebcbc57f1066b8b2f,Other Repair Shop,Autre atelier de réparation,Negozio di riparazioni
52f2ab2ebcbc57f1066b8b22,Outdoor Supply Store,Magasin d'articles pour les activités en plein air,Negozio di forniture per esterni
5744ccdfe4b0c0459246b4df,Outlet Mall,Magasin d'usine,Outlet
52f2ab2ebcbc57f1066b8b35,Outlet Store,Magasin d'usine,Outlet
4bf58dd8d48988d121951735,Paper / Office Supplies Store,Papeterie/Magasin de fournitures de bureau,Cartoleria / Negozio di forniture per ufficio
52f2ab2ebcbc57f1066b8b34,Pawn Shop,Prêteur sur gage,Monte dei pegni
52f2ab2ebcbc57f1066b8b23,Perfume Shop,Parfumerie,Profumeria
5032897c91d4c4b30a586d69,Pet Service,Service pour animaux de compagnie,Servizio per animali domestici
4bf58dd8d48988d100951735,Pet Store,Animalerie,Negozio animali
4bf58dd8d48988d10f951735,Pharmacy,Pharmacie,Farmacia
4eb1bdde3b7b55596b4a7490,Photography Lab,Laboratoire photographique,Laboratorio di fotografia
554a5e17498efabeda6cc559,Photography Studio,Studio photo,Studio fotografico
52f2ab2ebcbc57f1066b8b20,Piercing Parlor,Salon de piercing,Negozio di Piercing
52f2ab2ebcbc57f1066b8b3d,Pop-Up Shop,Boutique éphémère,Negozio temporaneo
52f2ab2ebcbc57f1066b8b28,Print Shop,Imprimerie,Negozio stampe
5744ccdfe4b0c0459246b4c4,Public Bathroom,Toilettes publiques,Bagno pubblico
5032885091d4c4b30a586d66,Real Estate Office,Agence immobilière,Ufficio immobiliare
4bf58dd8d48988d10d951735,Record Shop,Disquaire,Negozio di dischi
52f2ab2ebcbc57f1066b8b37,Recording Studio,Studio d'enregistrement,Studio di registrazione
4f4531084b9074f6e4fb0101,Recycling Facility,Installation de recyclage,Centro di riciclo
56aa371be4b08b9a8d573552,Rental Service,Service de location,Servizio di noleggio
4bf58dd8d48988d110951735,Salon / Barbershop,Coiffeur / Barbier,Barbieri e parrucchieri
58daa1558bbb0b01f18ec1ae,Sauna / Steam Room,Sauna / hammam,Sauna / Bagno turco
52f2ab2ebcbc57f1066b8b1f,Shipping Store,Point d'envoi et de retrait des colis,Negozio spedizioni
52f2ab2ebcbc57f1066b8b39,Shoe Repair,Cordonnier,Calzolaio
4bf58dd8d48988d1fd941735,Shopping Mall,Centre commercial,Centro commerciale
5744ccdfe4b0c0459246b4dc,Shopping Plaza,Zone commerçante,Centro commerciale
5bae9231bedf3950379f89d2,Skate Shop,Boutique de skate,Negozio di skate
56aa371be4b08b9a8d573566,Ski Shop,Magasin de ski,Negozio di articoli per sciare
4bf58dd8d48988d123951735,Smoke Shop,Tabac,Tabaccheria
52f2ab2ebcbc57f1066b8b41,Smoothie Shop,Boutique de smoothies,Negozio di frullati
52f2ab2ebcbc57f1066b8b1b,Souvenir Shop,Boutique de souvenirs,Negozio di souvenir
4bf58dd8d48988d1ed941735,Spa,Spa,Centro termale
4bf58dd8d48988d1f2941735,Sporting Goods Shop,Magasin de sport,Negozio di articoli sportivi
52f2ab2ebcbc57f1066b8b21,Stationery Store,Papeterie,Negozio di cancelleria
4f04b1572fb6e1c99f3db0bf,Storage Facility,Installation de stockage,Centro di self-storage
5744ccdfe4b0c0459246b4cd,Supplement Shop,Magasin de suppléments alimentaires,Negozio di integratori alimentari
5032781d91d4c4b30a586d5b,Tailor Shop,Boutique de couturier,Negozio di sartoria
4d1cf8421a97d635ce361c31,Tanning Salon,Salon de bronzage,Centro di abbronzatura
4bf58dd8d48988d1de931735,Tattoo Parlor,Salon de tatouage,Salone per tatuaggi
4bf58dd8d48988d101951735,Thrift / Vintage Store,Boutique d'occasions/vintage,Negozio dell'usato / Vintage
4bf58dd8d48988d1f3941735,Toy / Game Store,Magasin de jouets/de jeux,Negozio di giochi / giocattoli
4f04b08c2fb6e1c99f3db0bd,Travel Agency,Agence de voyages,Agenzia viaggi
52f2ab2ebcbc57f1066b8b30,Used Bookstore,Bouquiniste,Negozio di libri usati
56aa371be4b08b9a8d57355c,Vape Store,Magasin de cigarettes électroniques,Vape store
4bf58dd8d48988d10b951735,Video Game Store,Magasin de jeux vidéos,Negozio di videogiochi
4bf58dd8d48988d126951735,Video Store,Magasin de vidéos,Videoteca
52e816a6bcbc57f1066b7a54,Warehouse Store,Entrepôt-vente,Magazzino Supermarket
52f2ab2ebcbc57f1066b8b2e,Watch Shop,Horloger,Negozio di orologi
4d4b7105d754a06379d81259,Travel & Transport,Voyages et transport,Viaggi e trasporti
4bf58dd8d48988d1ed931735,Airport,Aéroport,Aeroporto
4bf58dd8d48988d1ef931735,Airport Food Court,Espace de restauration d'un aéroport,Sala ristorazione dell'aeroporto
4bf58dd8d48988d1f0931735,Airport Gate,Porte d'embarquement,Gate dell'aeroporto
4eb1bc533b7b2c5b1d4306cb,Airport Lounge,Salon d'aéroport,Lounge dell'aeroporto
56aa371be4b08b9a8d57352f,Airport Service,Service dans l'aéroport,Servizio collegamento aeroporto
4bf58dd8d48988d1eb931735,Airport Terminal,Terminal d'aéroport,Terminal dell'aeroporto
4bf58dd8d48988d1ec931735,Airport Tram,Navette d'aéroport,Tram dell'aeroporto
5744ccdfe4b0c0459246b4e5,Baggage Claim,Zone de réception des bagages,Reclamo bagagli
4bf58dd8d48988d1f7931735,Plane,Avion,Aeroplano
5744ccdfe4b0c0459246b4e8,Baggage Locker,Consigne,Deposito bagagli
4e4c9077bd41f78e849722f9,Bike Rental / Bike Share,Location de vélos / vélos en libre service,Noleggio di bici / Bike sharing
5744ccdfe4b0c0459246b4c1,Boat Rental,Loueur de bateaux,Noleggio barche
4bf58dd8d48988d12d951735,Boat or Ferry,Bateau ou ferry,Barca o traghetto
52f2ab2ebcbc57f1066b8b4b,Border Crossing,Frontière,Frontiera
4bf58dd8d48988d1fe931735,Bus Station,Gare routière,Stazione autobus
4bf58dd8d48988d12b951735,Bus Line,Ligne de bus,Linea dell'autobus
52f2ab2ebcbc57f1066b8b4f,Bus Stop,Arrêt de bus,Fermata autobus
52f2ab2ebcbc57f1066b8b50,Cable Car,Funiculaire,Funivia
55077a22498e5e9248869ba2,Cruise,Croisière,Crociera
589ddde98ae3635c072819ee,Duty-free Shop,Boutique duty-free,Negozio duty free
4bf58dd8d48988d1f6931735,General Travel,Agence de voyages généraliste,Viaggi in genere
56aa371ce4b08b9a8d57356e,Heliport,Héliport,Eliporto
4bf58dd8d48988d1fa931735,Hotel,Hôtel,Hotel
4bf58dd8d48988d1f8931735,Bed & Breakfast,Chambre d'hôtes / Gite,Bed and breakfast
4f4530a74b9074f6e4fb0100,Boarding House,Pension de famille,Pensione
4bf58dd8d48988d1ee931735,Hostel,Auberge,Ostello
4bf58dd8d48988d132951735,Hotel Pool,Piscine d'hôtel,Piscina d'albergo
5bae9231bedf3950379f89cb,Inn,Hôtel,Locanda
4bf58dd8d48988d1fb931735,Motel,Motel,Motel
4bf58dd8d48988d12f951735,Resort,Complexe hôtelier,Club vacanze
56aa371be4b08b9a8d5734e1,Vacation Rental,Agence de location de vacances,Affitto vacanze
52f2ab2ebcbc57f1066b8b4c,Intersection,Intersection,Intersezione
4bf58dd8d48988d1fc931735,Light Rail Station,Station de métro aérien,Stazione della metropolitana leggera
4bf58dd8d48988d1fd931735,Metro Station,Station de métro,Stazione della metropolitana
4f2a23984b9023bd5841ed2c,Moving Target,Cible mouvante,Bersaglio mobile
4e74f6cabd41c4836eac4c31,Pier,Embarcadère,Molo
56aa371be4b08b9a8d57353e,Port,Port,Porto
52f2ab2ebcbc57f1066b8b53,RV Park,Terrain de camping-car,Area camper
4bf58dd8d48988d1ef941735,Rental Car Location,Location de véhicules,Punto di noleggio auto
4d954b16a243a5684b65b473,Rest Area,Aire de repos,Area di sosta
4bf58dd8d48988d1f9931735,Road,Route,Strada
53fca564498e1a175f32528b,Taxi Stand,Station de taxis,Posteggio taxi
4bf58dd8d48988d130951735,Taxi,Taxi,Taxi
52f2ab2ebcbc57f1066b8b4d,Toll Booth,Borne de péage,Casello autostradale
52f2ab2ebcbc57f1066b8b4e,Toll Plaza,Barrière de péage,Barriera autostradale
4f4530164b9074f6e4fb00ff,Tourist Information Center,Office du tourisme,Punto informativo turistico
4bf58dd8d48988d129951735,Train Station,Gare,Stazione ferroviaria
4f4531504b9074f6e4fb0102,Platform,Quai de gare,Binario
4bf58dd8d48988d12a951735,Train,Train,Treno
52f2ab2ebcbc57f1066b8b51,Tram Station,Station de tramway,Stazione del tram
54541b70498ea6ccd0204bff,Transportation Service,Service de transport,Servizio di trasporto
4f04b25d2fb6e1c99f3db0c0,Travel Lounge,Salon d'attente,Sala d'attesa agenzia viaggi
52f2ab2ebcbc57f1066b8b4a,Tunnel,Tunnel,Galleria
,Street,Rue,
,Malaysian Restaurant,Restaurant malaysien,
,Hiking Trail,Sentier de randonnée,
,Subway,Tramway,
,Yogurt,Boutique de yaourts,Yogurteria
OLD CATEGORIES,"<!-- Gas Station / Garage ... see lines 798 and 718 
| Car Dealership ... see line 717 | Light Rail ... see line 917 | Volcanoes ... see line 594 | Athletic & Sport ... see line 492 | Drugstore / Pharmacy ... see line 759 | Mall ... see line 837 | Spa / Massage ... see line 867 | Stable ... see line 580 | Trails ... see line 591 | Frozen Yogurt ... see line 233 | Ramen /  Noodle House ... see line 181 | Tennis ... see line 522 | Ferry ... see line 897 | Caf ... see line 221 -->", ,
